﻿<?xml version="1.0" encoding="UTF-8" standalone="yes"?>
<app version="1.0">
	<name>WAD-Manager</name>
	<version>1.8</version>
        <release_date>20110327000000</release_date>
	<coder>Waninkoko/hamachi-mp</coder>
	<short_description>Wad Manager 1.8 - Installiert Wad-Dateien.</short_description>
	<long_description>Mit dem WAD-Manager lassen sich WAD-Dateien mittels des AHBPROT-Features installieren und wieder deinstallieren. Es werden keine cIOS unterstützt!

Credits:
Waninkoko: 98% der Arbeit in diesem Loader
BöhserOnkel: Deutsche Übersetzung
Wii-Homebrew.com/Black.Pearl: Hintergrundgrafik
hamachi-mp: Erweiterte Einstellungen

Kudos:
DevkitPro-Team
Team Twiizers
</long_description>
  <no_ios_reload/>
</app>